topic, ntweet
LovatoIsMyStrength, 503
Derita Cinta, 880
Tony Manero, 82
Ferreira Gullar, 676
#planbetter, 163
McLobster, 351
Eldar Rønning, 139
Azkaban, 858
iTunes Home Sharing, 852
Eric Whitacre, 253
Stop Rupert Murdoch, 1066
#ajarkc, 864
Mark Munoz, 698
André Marques, 700
DeRay, 697
UKIP, 940
Indra Nooyi, 157
Simon Rex, 142
RIP Deano, 333
#letsgohigher, 1097
Andrew Neil, 227
Sheron Menezes, 434
Islamabad, 1190
Ocho Cinco, 944
Alfonso Herrera, 978
Kindergarten Cop, 244
Ras Lanuf, 1142
Mooney, 1314
Negredo, 1267
RKC, 756
After School Boys, 344
TOP10 Profile STALKERS, 876
Francis Lawrence, 209
Recife\/Olinda, 571
Kathy Bates, 430
IBGE, 893
Derrick Brown, 485
Severus Snape, 824
Papac, 423
OLLG, 548
TDT, 1152
Rachel Sheherazade, 491
#teamsober, 658
Rick Barnes, 291
Snow White, 676
Richard Hatch, 254
Boston Rob, 310
Liam Halligan, 125
#chooseyourvice, 304
Two & Half Men, 905
Balaji Rao, 484
Marsha Ambrosius, 969
Lib Dems, 985
Emilio Estevez, 1071
Dira Sugandi, 823
Tim Healy, 100
Kim Duthie, 59
CCC, 812
Bill Hader, 349
#shaqday, 29
Hal Gill, 191
Universe♥Gaga, 272
Gerald Anderson, 673
Berbatov, 1006
Kemba Walker, 951
Alejandra Guzman, 1147
WeLoveMichaelJackson, 798
Yuvraj Singh, 472
Vicki Keith, 91
Hour Panel People, 503
Reality Bites, 525
Casey Abrams, 993
Kräfte, 245
Helen Clitheroe, 52
RestartNaVaiVai, 879
Bola Preta, 1008
Extreme Couponing, 499
#teamsheen, 836
Vlieland, 834
Josie Lawrence, 95
Bandra, 1141
#javamusikindo2, 620
Muhammad Yunus, 485
Carlos Arroyo, 735
Football Focus, 758
Kolo Toure, 820
Shaniqua, 496
Hawn, 471
Mike Miller, 923
Mario Covas, 600
Marokkanen, 482
Dior, 1033
Jaqueline Roriz, 861
Liniers, 693
Ricardo Noriega, 145
Frank Rich, 382
Vila Maria, 947
Chesney Hawkes, 260
Duke-UNC, 1044
Cesena, 976
Velez, 1012
#anisonsp4, 802
Smokie Norful, 430
Roger Mason, 382
Stefano, 879
#mclobster, 285
#neversayneveroscar, 724
Wendy Williams, 978
Loretta Devine, 268
Server Attention Span, 99
#vasaloppet, 1038
John Stamos, 1098
Innenminister, 500
Lázaro Ramos, 877
Serena Williams, 1075
Cornelisse, 505
Phil Collins Minta Maaf, 117
Tom Kitchin, 67
Alejandra Barros, 280
Harrison Barnes, 932
Wild Thing, 1080
#devassa, 788
América-MEX, 914
Will Eisner, 750
Daniel Craig, 1138
Rev Run, 922
Tokyo Girls Collection, 999
Mumford & Sons, 921
Sideshow Bob, 949
Charlie Sheen Ustream, 1062
Welshies, 201
Shane Roller, 316
Beija-Flor, 958
Silvio Merida, 1212
Jörgen Brink, 109
André Lima, 939
Scott Forstall, 328
Geonet, 1103
Reggie Yates, 202
Bernier, 545
Johaug, 405
SNL, 873
Curtis Stone, 677
Angelique Boyer, 1082
Always Say Always, 696
WeAdoreLovato, 470
Guldspaden, 85
Gyroscope, 1126
Poor Dougie, 352
Tim Knol, 121
Aftermath, 928
Grothman, 1078
Sober Valley Lodge, 2330
Prince Andrew, 1165
Chelsea Lately, 861
Imperatriz, 1008
Judge Mathis, 784
Monmouthshire, 300
Buster Skrine, 184
#copadavis, 1043
Charlie Sheen, 949
Marco Zero, 1007
Heart Attack Grill, 578
Ivan Moré, 299
Lívia Andrade, 144
Fráncfort, 451
Mou, 1165
Anna Wintour, 910
Hours Scam Spreading, 697
Gentlemen Prefer Blondes, 416
#dwts, 1048
Teatro Amazonas, 309
Nelson Cavaquinho, 377
Eugene Peterson, 131
#ajaaz, 810
Traki, 971
BlackBerry Protect, 733
PPK, 1132
Jesé, 873
Troy Murphy, 741
#stmargsissofly, 237
PreOrderFameOniTunes, 739
Rensing, 384
Imola, 376
Captain Haddock, 56
#javamusikindo1, 662
#happybirthdayjbj, 744
Jack Horner, 144
Fach, 1167
Cusack, 1192
#iftwitterwashighschool, 662
Robot Chicken, 939
Dorito Bags Though, 157
Judas Priest, 1027
Shakiro, 1088
Darren Fletcher, 477
David Miliband, 298
Yusuf Pathan, 550
Zac Posen, 395
Conmebol, 1125
Jimmy Manyi, 444
Citywalk Sudirman, 250
Romênia, 712
Andy Carrol, 1023
Tony Greig, 98
Acoustic Aftermath, 317
Shannon Brown, 914
#lv42040645, 798
Mario Chalmers, 968
Beto Cuevas, 402
Gnarls Gnarlington, 1851
Ban Jordan Heels, 151
#whenyourblack, 477
Alex Riley, 507
Beth Carvalho, 295
Sziget, 450
Seth Meyers, 148
#drakeline, 392
Watching Taken, 837
Pete Sampras, 1089
Andrei Kirilenko, 164
#ipad2, 1021
Carragher, 997
AXN, 911
Boitatá, 499
Google Profiles, 1202
Karl-Theodor, 1252
Nitro JavaScript, 274
Zandvoort, 1020
Spoelstra, 1008
Westpac, 917
Lil Jon, 1015
Cory Gunz, 1035
TheWorld♥Biebs, 488
Sal Khan, 165
Zhirkov, 1094
World Record, 1121
Zach Porter, 319
Fernanda Abreu, 218
Clint, 1012
#mugler, 996
Ahmed Shafiq, 829
Mashonda, 856
Rulli, 1016
Ron Sexsmith, 623
Ryan Kelly, 378
ProudOfJonas, 411
#guttbye, 1088
DCO, 413
Shaunie, 947
Action Item, 1015
Manish Arora, 216
Malinga, 1309
Major League, 1114
Frankfurt Airport, 966
David Starkey, 239
MAIN FANDOM, 70
Beer Money, 718
#24pp, 1230
Shahbaz Bhatti, 369
DarkSide, 960
Ninewest, 335
Pablo Hernández, 213
#tweutr, 783
Whose Team, 556
#ss3shanghai, 882
Jovany, 779
NAACP Image Awards, 993
Watching Aladdin, 292
Warlock Latin, 3848
Melanie Fiona, 1015
HDMI, 983
Miriam Margolyes, 212
#cadenanacional, 1021
Selah Sue, 356
Sara Varga, 129
Anthony Taylor, 609
Unemployed Winner, 137
Adriane Galisteu, 559
Lissavetzky, 267
AENA, 1164
Liverpool Unggul, 1038
Lucerito, 1102
Calogero, 291
Edgar Jiménez, 325
Botafogo, 862
Omark, 405
TTWE, 436
#dealwithit, 884
Wes Leonard, 1184
Pav, 1016
Daniel Akaka, 131
Java Jazz Festival, 1069
Alan Jara, 227
#itsukara, 39
Alberto Granado, 1038
Fernanda Lima, 852
Larissa Riquelme, 674
Rita Verdonk, 123
Expecto Patronum, 566
Machel, 1037
Duminy, 381
Lauren Turner, 256
YOURMAN, 603
Ade Edmondson, 173
Serge Gainsbourg, 1139
#celebrityapprentice, 1047
Pantene, 974
Jordan Taylor, 1001
Superman III, 306
Indiana Jones, 1012
Mike Patrick, 203
Rocio Banquells, 251
Megan Goode, 249
Stacey Dash, 476
Mancha Verde, 926
#skyatnight, 649
Julian Casablancas, 803
Marlon King, 148
Capitão Gancho, 391
Miki Roqué, 185
Aladdin, 683
Chico Pinheiro, 107
Jon Bon Jovi, 955
Janet Albrechtsen, 78
RTing, 873
Naima, 1082
Jorge Gajardo, 351
Paul Nicklen, 108
Late Night Snack, 955
Anna Simon, 276
Kwame Brown, 425
Sarah Marquis, 101
Raven Symone, 354
Frying Nemo, 58
Hugh Laurie, 971
Evelyn, 752
Terry Crews, 710
Jonatas Faro, 294
Digitalに売却, 89
Twitter CRUSH, 817
Kurt Angle, 629
Welbeck, 994
Nelly Furtado, 1130
Kölle Alaaf, 253
Broner, 559
Karen Rodriguez, 317
Twilight\/Harry Potter, 609
Haider Ackermann, 289
Anfield, 1063
#sheenskorner, 463
Samardo Samuels, 357
FACH, 1167
Jennifer Lopez, 998
Jeremy Hunt, 636
Kalla, 1168
STREET DRUM PROJECT, 779
Authentic Gucci, 346
Bobby Brown, 1058
Roberta Bondar, 81
Lina Ron, 869
#askderulo, 531
Hartnell, 500
Adjustment Bureau, 1055
Jon Diebler, 187
#canelo, 1081
Worst Twitkon EVER, 34
#losbulls, 688
RIP Jane Russell, 1064
Jim Travers, 161
#diadelalbur, 994
Hala Madrid, 997
Lucia Mendez, 270
ΣΓΡ, 411
Masvidal, 536
Living Social, 1220
#verboscolombianos, 968
Pedra Filosofal, 733
Mestalla, 991
PIB, 1184
Jordi Alba, 291
IRPF, 494
Viradouro, 934
Terrance Howard, 189
McChitlin, 212
BSkyB, 1165
Caixão, 918
Michael Ealy, 211
Tomas Costa, 105
#vampierlife, 690
Márcio Goiano, 479
Michael Carrick, 836
#tilltheworldends, 767
Pablo Herrera, 206
Presidente Dilma, 1072
Lent, 946
Blade Runner, 1083
Kobalt Tools, 1296
#kakkos, 782
Lacefront Malfunction, 95
OrgulhoNXZERO, 946
#sorryjustin, 619
Kendra Chantelle, 232
CHOI JONGHUN, 1043
Bulgari, 1138
Brian Bowles, 389
Bernie Mac, 966
Fashola, 1216
Dream High Concert, 736
Brazil♥LadyGaga, 758
Nani, 504
Capdeville, 1095
Carlos Estevez, 1087
Macaé, 901
Iwata, 1176
Bacacheri, 242
Tammi, 902
Tottenham Court Road, 381
Mike Huckabee, 1080
Jong Ajax, 924
Coach Knight, 389
#tigerbloodintern, 920
Daily Star, 938
#antofagastasinagua, 974
Jodrell Bank, 227
Pat Knight, 254
Adriana Bombom, 326
Chrisye, 807
Ramos Allup, 576
John Major, 387
Frank Aguiar, 171
Welly, 1022
Saffers, 259
Amla, 1504
Selic, 655
Bunji, 763
Sirhan Sirhan, 1197
Tom Kitchen, 181
Mamonas Assassinas, 876
Lisa Rinna, 288
Lord Voldemort, 909
VivoPeloCine, 654
DWTS, 1062
Ellen Roche, 224
Lucho Jara, 565
NXZEROnoEMA, 838
Frank Martin, 755
Science Channel, 1198
#mangueira, 964
Neil Tennant, 83
Eric Cantona, 828
#smafavoritku, 765
#complimentendag, 1070
Pernilla Andersson, 159
Bobby McFerrin, 452
HIGNFY, 212
Jecken, 353
#worldbookday, 1145
Ana Maria Braga, 973
Sandy, 858
Luiza Brunet, 435
#earnyourself, 1608
Sargento Pimenta, 854
Gaëtan Roussel, 470
Paula Deen Riding Things, 255
Juwan Howard, 187
#thataintwinning, 866
PVV, 883
Peruche, 908
Ajdabiya, 1168
Antonio Damasio, 179
Frank Luntz, 196
Silver Valley Lodge, 84
Sandhy Sondoro, 763
CdBrasilDulceMaria, 859
Justin & Selena, 423
#wonders, 1019
Tony Parker, 1033
Celofán Piñata, 119
Destra, 1119
Apple iPad, 914
Shurwayne, 327
Max Mosley, 83
BYU, 881
Zeca Camargo, 377
Justin Drew Bieber, 783
Grameen Bank, 407
Xander Soren, 95
Lee Nelson, 503
Pat Riley, 967
Adam Garcia, 657
Pandev, 756
Marcelo Camelo, 959
Morgan Spurlock, 222
Vargas Llosa, 1159
Jack Dee, 137
#debatepresidencial, 1102
Kendall Marshall, 1002
Blanca Lobo Domínguez, 425
Ridgemont High, 165
GDC, 1291
RestartOnEMA, 683
Hans-Peter Friedrich, 193
Bonner, 969
Tarapaca, 881
Rita Skeeter, 273
Nike Eyebrows, 357
Sarah Kay, 393
Papa Wemba, 179
Seriously Wiz, 261
Roda Viva, 724
Macaé 3x1 Vasco, 374
Jorgito, 976
Bear Grylls, 991
Eric Dampier, 312
Balenciaga, 986
Bobby Ryan, 666
Mountain Dew, 929
David Ruffin, 561
Angry Birds Game Coming, 745
Fun Race, 1090
Legally Blonde Starring, 60
Fito Paez, 917
Skyward Sword, 397
Gail Kelly, 147
Tchau Diogo, 767
Wes Brown, 1073
Marcus Thornton, 514
Little Rascal, 916
#tgc_love, 894
Mignolet, 827
Sue Perkins, 303
Kid Daytona, 163
#coisasderetiro, 901
Ashthon, 815
Riccki-Lee Coulter, 98
Jensen Ackles, 913
Fast Times, 982
#catwest, 1244
LibDems, 1079
Alexandre Peixe, 469
Cherries Though, 145
#yosoy, 953
#bootyappreciationday, 835
Ashton Jones, 170
Zezé, 735
Lovebox, 509
Isabel Marant, 305
Galliano, 1102
Helau, 828
Daley Blind, 205
Steven Fletcher, 52
Smart Covers, 804
Stone Temple Pilots, 643
Rabbit Hae, 92
Mike Carlton, 108
iMovie, 968
Congrats Liverpool, 965
Joe Hockey, 271
Major Fábio, 732
Virginio, 934
David Brooks, 830
Indiana State, 1086
Rebeca Jones, 298
PvdD, 1313
Satoru Iwata, 1034
#bienvenidos, 853
Valeska Popozuda, 525
Andrew Marr, 121
Jane Russell, 810
Scotty McCreery, 778
Jody Bernal, 193
WeLoveTokioHotel, 780
Alicia Rodriguez, 277
Dateline NBC, 2242
Tatyana Ali, 206
Girl Melanie, 897
Lanvin, 1058
Cabión, 465
Liquor Store Blues, 772
Magda Guzman, 504
Diego Sanchez, 1117
Paris-Nice, 1186
Kanti Adele, 40
Gareca, 202
Damn Malik, 750
Gift Raps, 917
#welcometoirelandbiebs, 360
Rolf Harris, 275
Rafaels, 215
Thiago Tavares, 296
Tina Stewart, 149
Footbar, 399
Olímpico, 969
Antonio Nunes, 610
Edu Dracena, 436
Mocidade Alegre, 905
pOcEtAaAaA, 113
Boaz, 994
Vlaketunnel, 166
McSushi, 222
Tokoto, 1060
Nancy Grace, 955
Mark Martin, 1045
Sapucaí, 909
Eroski Málaga, 440
Segob, 700
Mariana Gross, 60
Ambien, 1006
Merche, 344
Rhod Gilbert, 161
Michel Teló, 619
Deitrick Haddon, 375
Joe Swash, 315
#cum2fastexcuses, 856
RestartComOlodum, 810
Tito Beltrán, 499
Max Boyce, 315
Brian Cox, 1006
Janna Levin, 124
Nana Banana, 354
Ruben Gonzalez, 1016
CVC, 1160
Marlon Stockinger, 98
ΖΦΒ, 307
Nolito, 482
Alprazolam, 465
Jeff Hardy, 929
Viktor & Rolf, 341
Lila Morillo, 164
UNLIMITED ACC, 263
Essam Sharaf, 158
Deb Roy, 257
Jersey Floor, 376
Blaenau Gwent, 172
Morkel, 729
Lavínia, 1001
Tony Slattery, 84
Zeta Bosio, 161
Thia, 973
Bercy, 847
Hendo, 1047
Lady Hee Hee, 885
Christopher Hitchens, 491
Renan Oliveira, 791
#hongstarday, 721
RTed, 790
Little Rascals, 909
Motty, 1009
Nashvegas, 593
Patrícia Poeta, 179
Mason Plumlee, 306
Luther Vandross, 1012
Marcelito, 824
Molejo, 781
#tipicodemujeres, 876
Mark Halsey, 170
Franklin Street, 502
Mujeres Asesinas, 1053
Cantwell, 503
Adonis DNA, 1085
Silent Library, 531
Odoms, 135
Jim Jones, 856
Old Firm, 1014
Two Movie Tickets, 836
Get Gully, 389
Patrick Peterson, 1066
Sabine Uitslag, 116
Shutter Island, 861
Klaus, 887
Bill Ford, 445
Pac Div, 1000
#heefey, 828
Piyush Chawla, 394
Barry Bannan, 164
Blankety Blank, 383
Rouco Varela, 851
Wellington Paulista, 990
XtinaOnTwitter, 713
Picture Fail, 921
Dilshan, 889
Marloes Coenen, 509
Nia Long, 740
Gael Clichy, 180
Lynyrd Skynyrd, 907
Daniel Tosh, 849
Jackie Stewart, 763
Diabate, 402
Glenda, 950
Dudu Surita, 609
Cobos, 970
LibertadPreview, 809
Margaret Beckett, 211
IE6, 1036
Nick Swardson, 103
Massu, 1094
Iwer, 677
Thia Megia, 985
Corinne Bailey Rae, 1045
Massú, 1105
Wyk, 959
AK47, 1004
Beluga, 986
#ci, 769
UDO Anzoátegui, 92
Ämtern, 191
Kirstie Alley, 1067
Edgar Jimenez, 253
Jameer Nelson, 482
Hello Jakarta, 362
Evil Stewie, 732
Adam & Joe, 596
AATOO, 82
Russell Tovey, 157
Derek Rose, 556
CineNoEMA, 611
Sir Patrick Moore, 399
#factorx, 1024
Kathryn Schulz, 228
Welsh, 1043
Mijares, 1160
Kstew, 921
Vernon Gholston, 829
Therese Johaug, 292
Silvia Pinal, 487
Arjun Singh, 257
Verteidigungsminister, 1119
Rich Eisen, 308
#mileyonsnl, 505
Randy Ubillos, 89
Kate Ellis, 118
KFC Fried, 376
Sonja Barend, 145
Andy Rooney, 412
Solabarrieta, 1085
Södergren, 188
Ryan Johnson, 146
Carice, 324
Marcio Canuto, 394
David Attenborough, 656
CHUM, 1005
Great Morning, 748
#5bestsoundtracks, 336
Gisele Bundchen, 976
Jeroen Krabbé, 127
Kany Garcia, 263
Eat Bulaga, 798
Kampmann, 1126
Nachfolger, 843
Pancho Toro, 86
Rob Niedermayer, 120
Kimberly Elise, 370
#breakuptexts, 689
Eduardo Surita, 661
Supreme Court, 1073
Debbie Morgan, 57
Any Musiq Soulchild, 39
Classic Tattoo Fail, 197
MOTU, 961
Tirol, 502
Andre Dawkins, 75
ASDA DATING, 151
#thirstychicks, 715
Ralph Macchio, 600
Björn Söder, 239
Zilu, 265
Redmen, 480
#suarez, 479
Dollaway, 975
Sabrina Sato, 935
Hitler, 981
Hornbuckle, 296
Alek Wek, 263
Alfonso Dosal, 299
Blair Underwood, 265
Melvin Manhoef, 335
EXPERIMENTE941B, 865
LovatoIsOurSunshine, 556
Roger Ebert, 854
Sakara, 914
Marina Silva, 674
Simon Callow, 136
Gano Papa, 1103
Robert Winston, 158
Carlo Ratti, 99
Dydd Gŵyl Dewi Sant, 216
Pulp Fiction, 1001
Zenon, 982
Renato Aragão, 276
Jamie Benn, 157
Pureblood, 123
Poltergeist, 1042
Diego Alves, 438
Piers Morgan, 532
Trevor Gillies, 1136
Julie Taymor, 246
Bulls-Heat, 965
Still Winning, 2383
Jose Canseco, 424
VaiVaiComRestart, 836
AnahiOnEMA, 861
Raffi Torres, 132
TAKS, 783
Agassi, 1151
Sexting Fail, 127
#minombrees, 759
Matsoe Matsoe, 697
RebeldeSBT, 748
Escócia, 1070
Bell Marques, 673
Messina, 1205
Eli Pariser, 148
Zélia Duncan, 395
iDoor, 270
#kuyt, 824
Half Men, 905
Sheila Mello, 109
Danny Castillo, 320
#ilovemyfans, 761
Tinkle Popo, 132
YearofTheBOSS, 759
SELECTIE GEZET, 267
Regina King, 594
Johnny Curtis, 295
#nickilyrics, 888
Gublersoup, 612
Milton Gonçalves, 144
Gary Busey, 1065
Arctic Monkeys, 921
Dockrell, 720
Kris Kross, 304
Rachel Zevita, 196
Balmain, 1038
Chamakh, 1007
Pablo Marini, 234
Kenny Anderson, 379
Evan Bourne, 907
Brandon Davies, 181
Puncheon, 668
#tigerblood, 917
Robbie Rosen, 696
Taylor Hall, 1026
Norge, 1192
Hennesey & Apple Juice, 77
BNP, 912
Wadah Khanfar, 304
WLGravityTour, 487
Bruce Aylward, 107
Snuggle Sundays, 404
#unidosdatijuca, 941
Fabio Aurelio, 330
Cedric Diggory, 743
David Cook, 973
DrinkMyTearsTonight, 167
Diggy Simmons, 845
ΙΦΘ, 674
Pinazo, 386
Otto Gebauer, 312
Rodney King, 989
Blue Shirt, 1084
Sudamérica, 1162
Olaria, 946
Jermaine Defoe, 273
WeLoveDulceMaria, 414
Gretchen, 830
Elza Soares, 316
#gntm, 902
Rosenmontag, 1140
Fresh Kid, 537
#dreamschool, 913
#premiostvynovelas, 1051
Padma, 790
Mike DeStefano, 282
Catherine Tate, 236
Martha Kent, 161
#deberiaspegarteuntiro, 704
Jason Richardson, 583
David Christian, 890
Germaine Greer, 357
Fleur Agema, 192
Colin Powell, 898
Rango, 1037
#dhsmemories, 250
Régis Rösing, 136
Cacau, 909
Tonka, 1015
Marcelo Bastos, 461
Sky News, 1063
Weidman, 578
Acadêmicos, 1024
Fandango, 1247
Stanley Kubrick, 892
#isbetterthan, 701
Sleepwalker, 1006
#getwellsoonheechul, 787
Tim Halperin, 804
Warner Bros, 1018
Drica Moraes, 312
Dateline, 1823
Ban Bathroom Models, 89
#biwinning, 962
KAΨ, 181
Lakers\/Spurs, 966
Parques Nacionales, 887
Wayne Brady, 925
Harvey Fineberg, 97
David Cassidy, 1094
Dosunmu, 705
Phil Collins, 1041
Alessio Sakara, 217
Marini, 1109
UNC\/Duke, 1023
Oneiric Ocelot, 133
Soledad Onetto, 193
FTSK, 880
Asignación Universal, 495
Erik Spoelstra, 407
Tofik Dibi, 184
Rücktritt, 1186
Smart Cover, 1262
Martin Atkinson, 546
IHOP, 867
Dear Rolling Stone, 640
David Walliams, 644
Argumental, 323
Tucuruvi, 1006
Murray State, 488
Classic Fail, 756
Coenen, 903
Skip Bayless, 971
Dustin Jeffrey, 325
Pesta Perdana, 241
Seriously Atlanta, 210
José Padilha, 230
Haley Reinhart, 228
Dionne Warwick, 1040
#tipicasmentiras, 1145
ZX81, 737
Ángel Reyna, 203
White Widow, 563
Anfield Road, 559
Adele Unplugged, 796
Agent Zero, 179
Ana Gabriel, 1055
Reinaldo Armas, 954
Broady, 360
Pia Toscano, 507
#imageawards, 1228
Wallen, 777
Peaches Geldof, 818
FCAT, 759
Leap Year, 892
Slaughterhouse & Yelawolf, 778
#blackpeoplemovies, 730
Interpol, 1017
Battlefield, 1202
#bjf2011, 739
Lenita, 824
iPhone4, 1171
Mangueira, 969
South China, 915
Ellen Paige, 294
Marie Drucker, 227
Stefano Langone, 475
Pérola Negra, 1030
Saucy Balls, 190
ECJ, 744
McRib, 653
Howard Davies, 398
ACC Champs, 1001
Nicholas Parsons, 131
Gainsbourg, 1150
Finding Neverland, 474
Garage Band, 1143
Maizière, 916
Sampaio Correia, 436
RestartNaVaivai, 618
Jurassic Park, 907
Benjai, 604
DIOGO SAIU, 713
Sondre Lerche, 1028
Honor Code, 994
GarageBand, 1119
Limburgers, 399
#ohohtirol, 602
#lasmejoresdelrock, 1098
Bob Diamond, 194
Percy Miller, 191
Diane Lane, 1111
Najib Amhali, 667
Jorge Fernando, 288
Scary Movie, 834
#winner, 1544
Joe Stevenson, 331
Zico, 1038
Call PETA, 307
Digitalに譲渡, 20
Forest Gump, 860
Paola Oliveira, 731
Nick Carter, 1050
Fiona Apple, 960
Rubén González, 893
Roddick, 1115
Gabriel Silva, 935
Reynaldo Armas, 375
Brett Loewenstern, 372
Pellegrini, 1077
Cubango, 462
Star Jones, 998
Freddy Mercury, 765
Racial Draft Pick, 63
#60minutes, 417
Angela Bassett, 483
Murió Lina Ron, 958
OVH, 512
Larry Lamb, 254
Baby Spanx, 204
Governor General, 609
Mamonas, 826
Gus Johnson, 1107
Grenzen, 1047
Ferry Mingelen, 257
Isner, 1145
Devassa, 954
Makin Gemuk Makin Bodoh, 605
Galliano Said, 975
Anita Baker, 920
Lembit Opik, 215
Gangorra Invertida, 535
British Pie Week, 511
Paranormal Blacktivity, 386
Evaristo Costa, 771
Tijgertje, 580
#manlawmonday, 81
Fernanda Takai, 385
